{"cameraMode":{"drawMode":0,"name":"Shaded","section":"Shading Mode"},"sceneLighting":true,"audioPlay":false,"sceneViewState":{"m_AlwaysRefresh":false,"showFog":false,"showSkybox":true,"showFlares":false,"showImageEffects":false,"showParticleSystems":false,"showVisualEffectGraphs":true,"m_FxEnabled":true},"in2DMode":false,"pivot":{"x":188.81044006347657,"y":41.77241516113281,"z":232.06053161621095},"rotation":{"x":-0.006973063573241234,"y":0.9641478061676025,"z":0.025451598688960077,"w":0.26452600955963137},"size":20.52684211730957,"orthographic":false}