{"cameraMode":{"drawMode":0,"name":"Shaded","section":"Shading Mode"},"sceneLighting":false,"audioPlay":false,"sceneViewState":{"m_AlwaysRefresh":false,"showFog":false,"showSkybox":false,"showFlares":false,"showImageEffects":false,"showParticleSystems":false,"showVisualEffectGraphs":true,"m_FxEnabled":true},"in2DMode":false,"pivot":{"x":-1.5027440786361695,"y":5.838376522064209,"z":0.6679966449737549},"rotation":{"x":0.0017539417603984476,"y":-0.9964727163314819,"z":0.08120191842317581,"w":0.021533885970711709},"size":7.645065784454346,"orthographic":false}